{"input_data":[[-0.40077725,2.4938452,0.5796361]],"input_shapes":[[3]],"output_data":[[0.0,2.5,0.5625]]}