{"input_data":[[100.0,100.0]],"input_shapes":[[2]],"output_data":[[-10.889465,-8.90979,-2.2149048]]}