{"input_data":[[0.08884337,0.05763811]],"input_shapes":[[2]],"output_data":[[-0.17382812,0.28936768,0.34136963]]}