{"input_data":[[108.0,108.0]],"input_shapes":[[2]],"output_data":[[-11.742004,-9.637817,-2.4067993]]}